Rk,Player,Team,Position,ADP,Bye,FPTS,Notes,Grp
1,Ja'Marr Chase,CIN,WR,2.56,10,355,,
2,CeeDee Lamb,DAL,WR,9.52,10,301,,
3,Bijan Robinson,ATL,RB,3.96,5,329,,
4,Jahmyr Gibbs,DET,RB,5.91,8,324,,
5,Saquon Barkley,PHI,RB,5.99,9,311,,
6,Justin Jefferson,MIN,WR,7,6,295,,
7,Christian McCaffrey,SF,RB,7.43,14,288,,
8,Amon-Ra St Brown,DET,WR,11.44,8,288,,
9,Puka Nacua,LAR,WR,12.5,8,281,,
10,Brian Thomas Jr,JAX,WR,26.29,8,269,,
11,Nico Collins,HOU,WR,16.26,6,281,,
12,Ashton Jeanty,LV,RB,15.96,8,252,,
13,AJ Brown,PHI,WR,24.23,9,261,,
14,De'von Achane,MIA,RB,15.89,12,276,,
15,Derrick Henry,BAL,RB,18.07,7,274,,
16,Ladd McConkey,LAC,WR,30.94,12,245,,
17,Chase Brown,CIN,RB,30.89,10,258,,
18,Brock Bowers,LV,TE,24.35,8,257,,
19,Drake London,ATL,WR,18.51,5,271,,
20,Trey McBride,ARI,TE,24.86,8,234,,
21,Tee Higgins,CIN,WR,33.04,10,257,,
22,Bucky Irving,TB,RB,28.95,9,259,,
23,Jonathan Taylor,IND,RB,11.98,11,263,,
24,Josh Jacobs,GB,RB,18.25,5,259,,
25,Josh Allen,BUF,QB,22.78,7,362,,
26,Lamar Jackson,BAL,QB,25.61,7,359,,
27,Davante Adams,LAR,WR,40.08,8,250,,
28,Mike Evans,TB,WR,64.97,9,251,,
29,George Kittle,SF,TE,35.36,14,226,,
30,James Cook,BUF,RB,30.51,7,233,,
31,Omarion Hampton,LAC,RB,49.34,12,207,,
32,Jaxon Smith-Njigba,SEA,WR,23.39,8,250,,
33,Kyren Williams,LAR,RB,31.32,8,245,,
34,Jalen Hurts,PHI,QB,35.07,9,355,,
35,Marvin Harrison Jr,ARI,WR,56.57,8,226,,
36,Jayden Daniels,WSH,QB,42.19,12,360,,
37,Tetairoa McMillan,CAR,WR,73.59,14,210,,
38,Xavier Worthy,KC,WR,70.99,10,218,,
39,Terry McLaurin,WSH,WR,52.16,12,250,,
40,Courtland Sutton,DEN,WR,75.44,12,217,,
41,Breece Hall,NYJ,RB,56.42,9,210,,
42,George Pickens,DAL,WR,57.99,10,221,,
43,TreVeyon Henderson,NE,RB,57.88,14,198,,
44,Jameson Williams,DET,WR,80.7,8,203,,
45,Calvin Ridley,TEN,WR,89.19,10,214,,
46,DJ Moore,CHI,WR,78.68,5,234,,
47,Garrett Wilson,NYJ,WR,53.56,9,237,,
48,Kenneth Walker III,SEA,RB,56.74,8,213,,
49,DeVonta Smith,PHI,WR,65.35,9,223,,
50,Jaylen Waddle,MIA,WR,66.49,12,210,,
51,DK Metcalf,PIT,WR,56.63,5,238,,
52,Zay Flowers,BAL,WR,71.36,7,221,,
53,Alvin Kamara,NO,RB,52.6,11,230,,
54,Chuba Hubbard,CAR,RB,58,14,219,,
55,Sam LaPorta,DET,TE,55.13,8,181,,
56,Emeka Egbuka,TB,WR,70.42,9,171,,
57,Joe Burrow,CIN,QB,55.41,10,331,,
58,Rashee Rice,KC,WR,65.97,10,181,,
59,Tony Pollard,TEN,RB,83.41,10,222,,
60,Rome Odunze,CHI,WR,82.61,5,195,,
61,RJ Harvey,DEN,RB,84.97,12,177,,
62,Chris Olave,NO,WR,87.92,11,201,,
63,Jerry Jeudy,CLE,WR,99.56,9,217,,
64,Jakobi Meyers,JAX,WR,107.72,8,196,,
65,Stefon Diggs,NE,WR,95.84,14,199,,
66,Ricky Pearsall,SF,WR,104.73,14,192,,
67,David Montgomery,DET,RB,76.83,8,209,,
68,Matthew Golden,GB,WR,111.44,5,192,,
69,Aaron Jones,MIN,RB,93.2,6,204,,
70,Deebo Samuel,WSH,WR,111.49,12,197,,
71,Jayden Reed,GB,WR,130.42,5,163,,
72,TJ Hockenson,MIN,TE,71.63,6,175,,
73,D'Andre Swift,CHI,RB,73.13,5,199,,
74,Mark Andrews,BAL,TE,85.45,7,179,,
75,Josh Downs,IND,WR,131.61,11,175,,
76,Jordan Addison,MIN,WR,112.29,6,171,,
77,Travis Kelce,KC,TE,69.25,10,188,,
78,Jaylen Warren,PIT,RB,92.81,5,177,,
79,Isiah Pacheco,KC,RB,91.08,10,185,,
80,Jordan Mason,MIN,RB,116.92,6,136,,
81,Tyrone Tracy,NYG,RB,101.45,14,186,,
82,Khalil Shakir,BUF,WR,125.16,7,185,,
83,Patrick Mahomes,KC,QB,50.04,10,317,,
84,Michael Pittman Jr,IND,WR,106.92,11,194,,
85,Baker Mayfield,TB,QB,71.41,9,317,,
86,Brock Purdy,SF,QB,97.29,14,301,,
87,Justin Fields,NYJ,QB,125.38,9,287,,
88,Kyler Murray,ARI,QB,109.05,8,295,,
89,Jauan Jennings,SF,WR,118.74,14,190,,
90,Evan Engram,DEN,TE,101.36,12,163,,
91,Darnell Mooney,ATL,WR,138.77,5,166,,
92,Cooper Kupp,SEA,WR,122.1,8,194,,
93,Kaleb Johnson,PIT,RB,108.38,5,162,,
94,Keon Coleman,BUF,WR,131.03,7,164,,
95,Bo Nix,DEN,QB,83.14,12,296,,
96,Travis Etienne Jr,JAX,RB,110.33,8,148,,
97,Jake Ferguson,DAL,TE,104.25,10,148,,
98,Tyler Warren,IND,TE,86.75,11,159,,
99,Jacory Croskey-Merritt,WSH,RB,114.95,12,143,,
100,Zach Charbonnet,SEA,RB,122.97,8,163,,
101,Colston Loveland,CHI,TE,131.23,5,126,,
102,Caleb Williams,CHI,QB,115.75,5,270,,
103,David Njoku,CLE,TE,96.49,9,173,,
104,Dak Prescott,DAL,QB,100.45,10,268,,
105,Drake Maye,NE,QB,83.11,14,262,,
106,Dalton Kincaid,BUF,TE,131.85,7,144,,
107,Rashid Shaheed,SEA,WR,134.32,8,168,,
108,Dallas Goedert,PHI,TE,114.04,9,138,,
109,Christian Kirk,HOU,WR,150.1,6,140,,
110,Justin Herbert,LAC,QB,97.65,12,294,,
111,Bhayshul Tuten,JAX,RB,139.66,8,95,,
112,Keenan Allen,LAC,WR,125.63,12,139,,
113,Chris Godwin,TB,WR,125.94,9,178,,
114,Jared Goff,DET,QB,125.97,8,272,,
115,JJ McCarthy,MIN,QB,136.91,6,280,,
116,Jayden Higgins,HOU,WR,148.07,6,142,,
117,Javonte Williams,DAL,RB,96.76,10,154,,
118,Rhamondre Stevenson,NE,RB,125.14,14,141,,
119,Trevor Lawrence,JAX,QB,147.25,8,239,,
120,Jordan Love,GB,QB,128.84,5,272,,
121,Luther Burden III,CHI,WR,148.9,5,122,,
122,CJ Stroud,HOU,QB,139.59,6,258,,
123,Rashod Bateman,BAL,WR,148.92,7,148,,
124,Kyle Pitts,ATL,TE,139.72,5,138,,
125,Braelon Allen,NYJ,RB,135,9,98,,
126,Jaydon Blue,DAL,RB,147.02,10,116,,
127,Hollywood Brown,KC,WR,143.86,10,140,,
128,Joshua Palmer,BUF,WR,148.6,7,119,,
129,Marvin Mims Jr,DEN,WR,149.4,12,154,,
130,Tyjae Spears,TEN,RB,150,10,106,,
131,Tank Bigsby,PHI,RB,130.89,9,111,,
132,Tyler Allgeier,ATL,RB,144.74,5,107,,
133,Quinshon Judkins,CLE,RB,109.81,9,123,,
134,Romeo Doubs,GB,WR,140.34,5,128,,
135,Brandon Aiyuk,SF,WR,148.78,14,137,,
136,Zach Ertz,WSH,TE,143.24,12,139,,
137,Rachaad White,TB,RB,135.76,9,123,,
138,Tua Tagovailoa,MIA,QB,145.02,12,248,,
139,Trey Benson,ARI,RB,142.25,8,112,,
140,Cam Ward,TEN,QB,146.55,10,243,,
141,Dylan Sampson,CLE,RB,149.6,9,113,,
142,Denver Broncos D/ST,DEN,DST,90.01,12,134,,
143,Michael Penix Jr,ATL,QB,147.35,5,258,,
144,Cedric Tillman,CLE,WR,167.92,9,158,,
145,Kyle Williams,NE,WR,Undrafted,14,92,,
146,Brandon Aubrey,DAL,K,95.91,10,159,,
147,Hunter Henry,NE,TE,139.03,14,131,,
148,Tre Harris,LAC,WR,Undrafted,12,111,,
149,Adam Thielen,MIN,WR,147.55,6,119,,
150,Ray Davis,BUF,RB,149.2,7,97,,
151,Brenton Strange,JAX,TE,150.15,8,132,,
152,Wan'Dale Robinson,NYG,WR,132.01,14,148,,
153,Bryce Young,CAR,QB,148.25,14,243,,
154,Nick Chubb,HOU,RB,135.99,6,103,,
155,Geno Smith,LV,QB,146.85,8,248,,
156,Jonnu Smith,PIT,TE,144.6,5,126,,
157,Chris Rodriguez,WSH,RB,Undrafted,12,54,,
158,Xavier Legette,CAR,WR,136.52,14,155,,
159,Pittsburgh Steelers D/ST,PIT,DST,107.13,5,110,,
160,Demario Douglas,NE,WR,166.67,14,145,,
161,Dyami Brown,JAX,WR,Undrafted,8,97,,
162,Brian Robinson,SF,RB,132.58,14,77,,
163,Isaiah Likely,BAL,TE,149.15,7,110,,
164,Dont'e Thornton Jr,LV,WR,Undrafted,8,71,,
165,Rico Dowdle,CAR,RB,93.67,14,94,,
166,Roschon Johnson,CHI,RB,Undrafted,5,78,,
167,Jalen Coker,CAR,WR,Undrafted,14,112,,
168,Baltimore Ravens D/ST,BAL,DST,120.66,7,124,,
169,Cade Otton,TB,TE,145.1,9,130,,
170,Philadelphia Eagles D/ST,PHI,DST,120.18,9,94,,
171,Keaton Mitchell,BAL,RB,Undrafted,7,56,,
172,Mike Gesicki,CIN,TE,147.8,10,122,,
173,Will Shipley,PHI,RB,Undrafted,9,42,,
174,Jake Bates,DET,K,114.98,8,140,,
175,Tory Horton,SEA,WR,Undrafted,8,94,,
176,Chigoziem Okonkwo,TEN,TE,146.2,10,124,,
177,Matthew Stafford,LAR,QB,116.23,8,243,,
178,Ray-Ray McCloud,N/A,WR,Undrafted,,111,,
179,Alec Pierce,IND,WR,160.8,11,105,,
180,Sam Darnold,SEA,QB,138.14,8,233,,
181,Michael Wilson,ARI,WR,Undrafted,8,120,,
182,Jerome Ford,CLE,RB,143.43,9,137,,
183,Woody Marks,HOU,RB,138.15,6,66,,
184,Blake Corum,LAR,RB,Undrafted,8,68,,
185,Daniel Jones,IND,QB,122.24,11,221,,
186,Isaac Guerendo,SF,RB,149,14,42,,
187,Jaylin Noel,HOU,WR,Undrafted,6,59,,
188,Kayshon Boutte,NE,WR,Undrafted,14,82,,
189,Dalton Schultz,HOU,TE,144.76,6,120,,
190,DeAndre Hopkins,BAL,WR,145.48,7,101,,
191,Ollie Gordon II,MIA,RB,148.45,12,76,,
192,Darren Waller,MIA,TE,148.05,12,116,,
193,DJ Giddens,IND,RB,Undrafted,11,34,,
194,Darius Slayton,NYG,WR,Undrafted,14,96,,
195,Aaron Rodgers,PIT,QB,142.4,5,222,,
196,Andrei Iosivas,CIN,WR,Undrafted,10,85,,
197,Cameron Dicker,LAC,K,109.28,12,149,,
198,Jordan Whittington,LAR,WR,Undrafted,8,84,,
199,Mason Taylor,NYJ,TE,150.4,9,106,,
200,Troy Franklin,DEN,WR,162.13,12,90,,
201,Adonai Mitchell,NYJ,WR,Undrafted,9,77,,
202,Jarquez Hunter,LAR,RB,Undrafted,8,51,,
203,Pat Freiermuth,PIT,TE,147.35,5,121,,
204,Isaac TeSlaa,DET,WR,Undrafted,8,55,,
205,San Francisco 49ers D/ST,SF,DST,150.5,14,90,,
206,Olamide Zaccheaus,CHI,WR,Undrafted,5,34,,
207,Chris Boswell,PIT,K,134.32,5,147,,
208,KeAndre Lambert-Smith,LAC,WR,Undrafted,12,14,,
209,Joe Mixon,HOU,RB,128.9,6,142,,
210,Pat Bryant,DEN,WR,Undrafted,12,80,,
211,Minnesota Vikings D/ST,MIN,DST,135.53,6,123,,
212,Jack Bech,LV,WR,Undrafted,8,55,,
213,Harrison Butker,KC,K,143.44,10,142,,
214,Elijah Arroyo,SEA,TE,Undrafted,8,94,,
215,KaVontae Turpin,DAL,WR,Undrafted,10,59,,
216,Tahj Brooks,CIN,RB,Undrafted,10,45,,
217,Tutu Atwell,LAR,WR,Undrafted,8,103,,
218,Elijah Moore,BUF,WR,Undrafted,7,37,,
219,Ja'Tavion Sanders,CAR,TE,Undrafted,14,99,,
220,Kansas City Chiefs D/ST,KC,DST,146.73,10,100,,
221,Harold Fannin Jr,CLE,TE,145.6,9,60,,
222,Juwan Johnson,NO,TE,130.93,11,113,,
223,Noah Brown,WSH,WR,Undrafted,12,90,,
224,Quentin Johnston,LAC,WR,124.35,12,105,,
225,Calvin Austin,PIT,WR,Undrafted,5,119,,
226,Theo Johnson,NYG,TE,166.57,14,104,,
227,Nick Westbrook-Ikhine,MIA,WR,Undrafted,12,93,,
228,Raheem Mostert,LV,RB,Undrafted,8,74,,
229,Brandin Cooks,NO,WR,Undrafted,11,76,,
230,Justice Hill,BAL,RB,Undrafted,7,78,,
231,Elic Ayomanor,TEN,WR,Undrafted,10,79,,
232,Tyler Lockett,LV,WR,Undrafted,8,127,,
233,Ka'imi Fairbairn,HOU,K,149.49,6,147,,
234,Jaylen Wright,MIA,RB,Undrafted,12,77,,
235,Dameon Pierce,HOU,RB,Undrafted,6,36,,
236,Sean Tucker,TB,RB,Undrafted,9,37,,
237,Malik Washington,MIA,WR,Undrafted,12,70,,
238,Devaughn Vele,NO,WR,Undrafted,11,68,,
239,Kyle Monangai,CHI,RB,164.55,5,49,,
240,AJ Barner,SEA,TE,Undrafted,8,76,,
241,Matt Gay,N/A,K,150.79,,154,,
242,Noah Gray,KC,TE,Undrafted,10,73,,
243,Jalen Tolbert,DAL,WR,Undrafted,10,90,,
244,Chase McLaughlin,TB,K,128.46,9,144,,
245,Buffalo Bills D/ST,BUF,DST,144.73,7,104,,
246,Roman Wilson,PIT,WR,Undrafted,5,80,,
247,Los Angeles Chargers D/ST,LAC,DST,151.49,12,84,,
248,Arizona Cardinals D/ST,ARI,DST,154.95,8,102,,
249,Dontayvion Wicks,GB,WR,Undrafted,5,77,,
250,Amari Cooper,N/A,WR,Undrafted,,97,,
251,Joe Flacco,CIN,QB,165.32,10,135,,
252,Russell Wilson,NYG,QB,Undrafted,14,181,,
253,Josh Reynolds,NYJ,WR,Undrafted,9,101,,
254,Jalen Royals,KC,WR,Undrafted,10,37,,
255,Will Reichard,MIN,K,150.64,6,139,,
256,Jaxson Dart,NYG,QB,124.62,14,50,,
257,Tyler Higbee,LAR,TE,Undrafted,8,100,,
258,Houston Texans D/ST,HOU,DST,115.04,6,103,,
259,Kareem Hunt,KC,RB,144.32,10,92,,
260,Evan McPherson,CIN,K,155.55,10,151,,
261,Jake Elliott,PHI,K,142.26,9,150,,
262,Tyler Bass,BUF,K,144.71,7,154,,
263,Brashard Smith,KC,RB,Undrafted,10,35,,
264,Anthony Richardson,IND,QB,Undrafted,11,51,,
265,Tyler Shough,NO,QB,Undrafted,11,104,,
266,Will Dissly,LAC,TE,Undrafted,12,91,,
267,Kendre Miller,NO,RB,Undrafted,11,79,,
268,Wil Lutz,DEN,K,155.05,12,141,,
269,Chimere Dike,TEN,WR,Undrafted,10,51,,
270,Sterling Shepard,TB,WR,Undrafted,9,15,,
271,Tre Tucker,LV,WR,Undrafted,8,80,,
272,Parker Washington,JAX,WR,Undrafted,8,55,,
273,Terrance Ferguson,LAR,TE,Undrafted,8,49,,
274,Cole Kmet,CHI,TE,Undrafted,5,70,,
275,AJ Dillon,PHI,RB,Undrafted,9,27,,
276,Devin Neal,NO,RB,Undrafted,11,42,,
277,Trevor Etienne,CAR,RB,Undrafted,14,44,,
278,Detroit Lions D/ST,DET,DST,131.96,8,91,,
279,Younghoe Koo,NYG,K,152.05,14,130,,
280,Dallas Cowboys D/ST,DAL,DST,151.4,10,101,,
281,Jaylin Lane,WSH,WR,Undrafted,12,17,,
282,Greg Dortch,ARI,WR,Undrafted,8,77,,
283,Elijah Mitchell,KC,RB,Undrafted,10,38,,
284,Chad Ryland,ARI,K,Undrafted,8,138,,
285,Marshawn Lloyd,GB,RB,Undrafted,5,67,,
286,Samaje Perine,CIN,RB,Undrafted,10,64,,
287,New York Giants D/ST,NYG,DST,149.65,14,91,,
288,Zay Jones,ARI,WR,Undrafted,8,41,,
289,Seattle Seahawks D/ST,SEA,DST,119.85,8,108,,
290,Spencer Rattler,NO,QB,Undrafted,11,155,,
291,Jalen Nailor,MIN,WR,Undrafted,6,68,,
292,Tim Patrick,JAX,WR,Undrafted,8,41,,
293,Emanuel Wilson,GB,RB,Undrafted,5,40,,
294,New York Jets D/ST,NYJ,DST,152.49,9,104,,
295,Jaleel McLaughlin,DEN,RB,Undrafted,12,59,,
296,John Metchie,NYJ,WR,Undrafted,9,12,,
297,Ty Johnson,BUF,RB,Undrafted,7,77,,
298,Khalil Herbert,NYJ,RB,Undrafted,9,38,,
299,Jacob Cowing,SF,WR,Undrafted,14,11,,
300,Oronde Gadsden II,LAC,TE,155.89,12,43,,
301,Brandon McManus,GB,K,149.85,5,148,,
302,Curtis Samuel,BUF,WR,Undrafted,7,67,,
303,Devin Singletary,NYG,RB,Undrafted,14,45,,
304,Ben Sinnott,WSH,TE,Undrafted,12,38,,
305,Jordan James,SF,RB,Undrafted,14,9,,
306,Jason Sanders,MIA,K,158.15,12,114,,
307,Cleveland Browns D/ST,CLE,DST,152.61,9,59,,
308,Kenneth Gainwell,PIT,RB,147.35,5,50,,
309,Joshua Karty,LAR,K,150.74,8,146,,
310,Los Angeles Rams D/ST,LAR,DST,150.51,8,86,,
311,Tyler Loop,BAL,K,147.07,7,145,,
312,Tyler Conklin,LAC,TE,Undrafted,12,78,,
313,Kimani Vidal,LAC,RB,164.01,12,20,,
314,Luke McCaffrey,WSH,WR,Undrafted,12,38,,
315,Cam Little,JAX,K,138.52,8,135,,
316,Van Jefferson,TEN,WR,Undrafted,10,61,,
317,Jake Moody,WSH,K,149.7,12,144,,
318,Savion Williams,GB,WR,Undrafted,5,19,,
319,Spencer Shrader,IND,K,Undrafted,11,144,,
320,Jalen McMillan,TB,WR,Undrafted,9,53,,
321,New England Patriots D/ST,NE,DST,133.57,14,87,,
322,Demarcus Robinson,SF,WR,Undrafted,14,51,,
323,Jason Myers,SEA,K,157.23,8,132,,
324,Kalif Raymond,DET,WR,Undrafted,8,38,,
325,Christian Watson,GB,WR,Undrafted,5,62,,
326,Isaiah Davis,NYJ,RB,Undrafted,9,30,,
327,Marquez Valdes-Scantling,N/A,WR,Undrafted,,23,,
328,Xavier Restrepo,N/A,WR,Undrafted,,14,,
329,Tai Felton,MIN,WR,Undrafted,6,36,,
330,Jalen Milroe,SEA,QB,Undrafted,8,23,,
331,Matthew Wright,HOU,K,Undrafted,6,132,,
332,Mack Hollins,NE,WR,Undrafted,14,34,,
333,Diontae Johnson,N/A,WR,Undrafted,,62,,
334,Jermaine Burton,CIN,WR,Undrafted,10,49,,
335,Tez Johnson,TB,WR,Undrafted,9,8,,
336,Austin Hooper,NE,TE,Undrafted,14,70,,
337,Noah Fant,CIN,TE,Undrafted,10,87,,
338,Daniel Carlson,LV,K,151.7,8,134,,
339,Dawson Knox,BUF,TE,Undrafted,7,51,,
340,Allen Lazard,NYJ,WR,Undrafted,9,75,,
341,Michael Mayer,LV,TE,Undrafted,8,59,,
342,Chicago Bears D/ST,CHI,DST,149.85,5,91,,
343,Green Bay Packers D/ST,GB,DST,145.06,5,111,,
344,Grant Calcaterra,PHI,TE,Undrafted,9,31,,
345,Arian Smith,NYJ,WR,Undrafted,9,40,,
346,Isaiah Bond,CLE,WR,Undrafted,9,63,,
347,Indianapolis Colts D/ST,IND,DST,143.3,11,91,,
348,Gunnar Helm,TEN,TE,Undrafted,10,50,,
349,KhaDarel Hodge,ATL,WR,Undrafted,5,37,,
350,Tampa Bay Buccaneers D/ST,TB,DST,147.42,9,99,,
351,JuJu Smith-Schuster,KC,WR,Undrafted,10,56,,
352,Blake Grupe,NO,K,Undrafted,11,125,,
353,Luke Schoonmaker,DAL,TE,Undrafted,10,35,,
354,Malachi Corley,CLE,WR,Undrafted,9,30,,
355,Tyler Goodson,IND,RB,Undrafted,11,32,,
356,Cade Stover,HOU,TE,Undrafted,6,37,,
357,Cam Akers,N/A,RB,Undrafted,,28,,
358,Cairo Santos,CHI,K,161.57,5,136,,
359,Sincere McCormick,N/A,RB,Undrafted,,31,,
360,Audric Estime,NO,RB,Undrafted,11,37,,
361,Dare Ogunbowale,HOU,RB,Undrafted,6,15,,
362,Raheim Sanders,CLE,RB,Undrafted,9,75,,
363,Nick Nash,N/A,WR,Undrafted,,31,,
364,Antonio Gibson,NE,RB,Undrafted,14,69,,
365,Atlanta Falcons D/ST,ATL,DST,Undrafted,5,74,,
366,Taysom Hill,NO,TE,Undrafted,11,4,,
367,Gabriel Davis,N/A,WR,Undrafted,,118,,
368,Chris Brooks,GB,RB,Undrafted,5,28,,
369,Washington Commanders D/ST,WSH,DST,152.45,12,88,,
370,Jeremy McNichols,WSH,RB,Undrafted,12,18,,
371,Foster Moreau,NO,TE,Undrafted,11,47,,
372,Elijah Higgins,ARI,TE,Undrafted,8,28,,
373,Joey Slye,TEN,K,Undrafted,10,114,,
374,Nick Folk,NYJ,K,167.5,9,131,,
375,Ty Chandler,MIN,RB,Undrafted,6,18,,
376,Carolina Panthers D/ST,CAR,DST,Undrafted,14,51,,
377,Las Vegas Raiders D/ST,LV,DST,Undrafted,8,85,,
378,Graham Gano,NYG,K,Undrafted,14,127,,
379,Devontez Walker,BAL,WR,Undrafted,7,11,,
380,Jacksonville Jaguars D/ST,JAX,DST,Undrafted,8,86,,
381,Zamir White,LV,RB,Undrafted,8,49,,
382,Jalin Hyatt,NYG,WR,Undrafted,14,34,,
383,Gus Edwards,N/A,RB,Undrafted,,67,,
384,Cincinnati Bengals D/ST,CIN,DST,Undrafted,10,70,,
385,Dillon Gabriel,CLE,QB,Undrafted,9,47,,
386,Luke Musgrave,GB,TE,Undrafted,5,43,,
387,Dustin Hopkins,N/A,K,Undrafted,,104,,
388,Ricky White III,N/A,WR,Undrafted,,77,,
389,Kendrick Bourne,SF,WR,Undrafted,14,40,,
390,Trey Sermon,N/A,RB,Undrafted,,9,,
391,New Orleans Saints D/ST,NO,DST,Undrafted,11,77,,
392,Miami Dolphins D/ST,MIA,DST,Undrafted,12,70,,
393,Tyler Boyd,N/A,WR,Undrafted,,82,,
394,Tennessee Titans D/ST,TEN,DST,Undrafted,10,65,,
395,Kenny Pickett,LV,QB,Undrafted,8,6,,
396,Jamaal Williams,N/A,RB,Undrafted,,38,,
397,Shedeur Sanders,CLE,QB,Undrafted,9,43,,
398,Emari Demercado,ARI,RB,Undrafted,8,36,,
399,Michael Carter,ARI,RB,Undrafted,8,14,,
400,Dylan Laube,LV,RB,Undrafted,8,50,,
401,Clyde Edwards-Helaire,N/A,RB,Undrafted,,26,,
402,Phil Mafah,DAL,RB,Undrafted,10,9,,
403,Craig Reynolds,DET,RB,Undrafted,8,15,,